image,gt_count,exp8_count,exp10_count,exp8_best_iou,exp10_best_iou,score
test_0258_caries_0_194,1,1,3,0.6722,0.2111,6.611
test_0172_783,1,1,2,0.9656,0.4639,6.018
test_0265_423,1,1,2,0.9656,0.4639,6.018
test_0090_703,1,1,2,0.9738,0.4759,5.979
test_0154_463,1,1,2,0.9738,0.4759,5.979
test_0311_223,1,1,2,0.9738,0.4759,5.979
test_0357_617,1,1,2,0.9795,0.4852,5.944
test_0324_454,1,1,2,0.9806,0.4866,5.939
test_0248_680,1,1,2,0.9760,0.4856,5.904
test_0308_560,1,1,2,0.9760,0.4856,5.904
test_0236_116,1,1,2,0.9795,0.4927,5.868
test_0142_399,1,1,2,0.9766,0.4950,5.816
test_0026_481,1,1,2,0.9671,0.4861,5.810
test_0153_361,1,1,2,0.9671,0.4861,5.810
test_0221_325,1,1,2,0.7900,0.4307,4.592
test_0069_279,2,1,2,0.7867,0.3298,4.568
test_0113_510,3,3,4,0.9608,0.6887,3.721
test_0025_(159),3,3,4,0.8858,0.6397,3.461
test_0322_caries_0_3854,2,3,5,0.4501,0.3198,3.304
test_0016_caries_0_22,1,1,1,0.9023,0.6157,2.865
test_0232_caries_0_3307,3,3,4,0.9461,0.7865,2.596
test_0375_266,5,5,6,0.9409,0.7819,2.590
test_0053_(236),4,6,8,0.4158,0.3581,2.577
test_0282_caries_0_3592,5,5,6,0.9091,0.7758,2.333
test_0021_caries_0_3478,2,3,3,0.8446,0.6213,2.233
test_0115_(162),4,5,5,0.6991,0.4797,2.195
test_0078_caries_0_29,2,2,3,0.6127,0.5137,1.990
test_0374_caries_0_29,2,2,3,0.6127,0.5137,1.990
test_0314_(88),4,7,8,0.5219,0.4465,1.754
test_0105_caries_0_3381,3,1,2,0.5803,0.4247,1.557
test_0353_51,2,2,2,0.9135,0.7581,1.554
test_0336_caries_0_3906,3,3,2,0.6506,0.5970,1.536
test_0162_(100),4,6,7,0.5115,0.4917,1.198
test_0150_134,4,5,3,0.6451,0.5343,1.108
test_0043_438,2,2,2,0.9160,0.8119,1.041
test_0141_176,3,3,3,0.8707,0.7708,0.999
test_0114_217,5,4,4,0.6209,0.5322,0.887
test_0125_591,1,1,1,0.9819,0.8938,0.881
test_0352_caries_0_5153,1,1,1,0.6222,0.5440,0.782
test_0313_caries_0_4528,3,4,4,0.7081,0.6370,0.711
test_0212_(206),2,1,1,0.0691,0.0000,0.691
test_0049_323,1,1,1,0.7741,0.7066,0.674
test_0063_323,1,1,1,0.7741,0.7066,0.674
test_0191_caries_0_4391,2,2,2,0.9558,0.8913,0.645
test_0147_860,1,1,1,0.9735,0.9137,0.598
test_0056_284,1,1,1,0.8353,0.7768,0.585
test_0382_711,1,1,1,0.9732,0.9153,0.579
test_0360_caries_0_3396,1,1,1,0.5844,0.5275,0.570
test_0082_408,1,1,1,0.8860,0.8320,0.540
test_0068_caries_0_4499,6,6,6,0.9183,0.8649,0.534
test_0384_caries_0_481,1,1,1,0.9573,0.9042,0.532
test_0340_(103),4,7,6,0.5758,0.5241,0.518
test_0108_157,2,2,2,0.9672,0.9156,0.515
test_0203_caries_0_4859,1,1,1,0.7309,0.6822,0.487
test_0157_333,1,1,1,0.9349,0.8867,0.482
test_0226_421,1,1,1,0.9768,0.9288,0.480
test_0280_306,1,1,1,0.9892,0.9423,0.469
test_0385_299,1,1,1,0.9516,0.9047,0.469
test_0287_caries_0_3689,4,4,4,0.9645,0.9188,0.457
test_0013_137,1,1,1,0.9740,0.9298,0.441
test_0343_262,1,1,1,0.9584,0.9146,0.438
test_0292_caries_0_5213,2,2,2,0.9578,0.9149,0.429
test_0070_269,2,2,2,0.8671,0.8244,0.426
test_0149_caries_0_3527,1,1,1,0.9216,0.8792,0.424
test_0086_caries_0_4674,4,4,4,0.9597,0.9174,0.423
test_0215_159,3,6,5,0.4904,0.4485,0.419
test_0168_(164),3,3,3,0.9572,0.9170,0.401
test_0010_(106),1,1,1,0.9595,0.9202,0.393
test_0061_887,1,1,1,0.9881,0.9527,0.354
test_0254_(237),4,5,5,0.6977,0.6632,0.346
test_0328_(182),9,9,9,0.7209,0.6869,0.339
test_0262_caries_0_4749,3,3,3,0.9461,0.9126,0.335
test_0084_caries_0_23,1,1,1,0.9883,0.9555,0.328
test_0096_138,7,9,8,0.7387,0.7060,0.327
test_0001_(250),5,7,6,0.5188,0.4863,0.325
test_0076_caries_0_3577,2,2,2,0.9536,0.9212,0.324
test_0228_430,1,1,1,0.9509,0.9195,0.314
test_0009_(30),1,3,3,0.3181,0.2871,0.311
test_0017_377,3,3,3,0.9454,0.9143,0.310
test_0359_caries_0_4200,3,3,3,0.9533,0.9223,0.310
test_0231_(69),1,1,1,0.6367,0.6060,0.307
test_0134_354,1,1,1,0.9502,0.9197,0.305
test_0036_199,8,8,8,0.9476,0.9170,0.305
test_0024_265,1,1,1,0.9795,0.9493,0.302
test_0237_caries_0_3882,1,1,1,0.9617,0.9323,0.294
test_0037_638,1,1,1,0.9820,0.9528,0.292
test_0091_caries_0_499,4,7,7,0.3696,0.3407,0.288
test_0275_caries_0_499,4,7,7,0.3696,0.3407,0.288
test_0156_(12),2,3,3,0.6049,0.5769,0.280
test_0033_585,1,1,1,0.9843,0.9566,0.277
test_0238_590,1,1,1,0.9655,0.9379,0.276
test_0097_caries_0_4057,1,1,1,0.9737,0.9466,0.271
test_0279_(186),7,9,9,0.5723,0.5452,0.271
test_0005_28,5,5,5,0.8880,0.8612,0.268
test_0289_caries_0_4345,1,1,1,0.9613,0.9345,0.268
test_0018_393,1,1,1,0.9786,0.9519,0.268
test_0040_691,1,1,1,0.9770,0.9518,0.252
test_0094_17,4,4,4,0.6846,0.6600,0.246
test_0131_caries_0_3914,3,3,3,0.9517,0.9271,0.246
test_0064_117,6,7,6,0.8023,0.7777,0.246
test_0152_caries_0_4603,2,2,2,0.9538,0.9295,0.243
test_0240_108,1,1,1,0.9739,0.9496,0.243
test_0103_caries_0_3372,2,2,2,0.9682,0.9441,0.242
test_0277_847,2,2,2,0.9797,0.9558,0.240
test_0196_caries_0_3946,2,2,2,0.9723,0.9493,0.230
test_0062_595,1,1,1,0.9937,0.9708,0.229
test_0268_235,1,1,1,0.9937,0.9708,0.229
test_0079_caries_0_217,1,3,3,0.2190,0.1965,0.225
test_0041_599,2,2,2,0.9704,0.9481,0.222
test_0144_13,8,8,8,0.9552,0.9336,0.217
test_0332_296,1,1,1,0.9693,0.9479,0.214
test_0293_caries_0_3975,1,1,1,0.9657,0.9444,0.213
test_0140_172,1,1,1,0.9772,0.9559,0.213
test_0241_caries_0_3616,1,1,1,0.9840,0.9630,0.209
test_0020_535,1,1,1,0.9859,0.9651,0.208
test_0178_312,2,2,2,0.8298,0.8091,0.207
test_0099_182,1,1,1,0.3545,0.3340,0.205
test_0300_473,1,1,1,0.9795,0.9592,0.203
test_0201_343,1,1,1,0.9657,0.9456,0.201
test_0174_504,1,1,1,0.9893,0.9695,0.198
test_0065_163,5,5,5,0.9635,0.9437,0.198
test_0347_caries_0_242,1,1,1,0.9834,0.9638,0.197
test_0209_328,2,2,2,0.9504,0.9307,0.196
test_0266_caries_0_3360,2,3,3,0.6295,0.6099,0.196
test_0181_177,1,1,1,0.9737,0.9542,0.195
test_0176_caries_0_398,2,3,3,0.4112,0.3918,0.195
test_0260_caries_0_398,2,3,3,0.4112,0.3918,0.195
test_0245_294,1,1,1,0.9514,0.9322,0.192
test_0030_282,2,2,2,0.9766,0.9574,0.191
test_0139_567,1,1,1,0.8896,0.8705,0.191
test_0206_67,4,4,4,0.9655,0.9465,0.190
test_0376_(219),3,4,4,0.6850,0.6663,0.188
test_0004_caries_0_4286,6,7,7,0.3983,0.3801,0.182
test_0246_caries_0_4286,6,7,7,0.3983,0.3801,0.182
test_0179_475,1,1,1,0.9877,0.9700,0.178
test_0184_(248),1,2,2,0.4700,0.4523,0.177
test_0055_144,5,7,7,0.6927,0.6755,0.172
test_0151_caries_0_3514,1,1,1,0.8874,0.8704,0.171
test_0007_268,1,1,1,0.9630,0.9460,0.170
test_0002_caries_0_5138,4,4,4,0.9538,0.9369,0.169
test_0342_(188),1,1,1,0.8946,0.8779,0.167
test_0127_162,1,1,1,0.9663,0.9496,0.167
test_0386_100,1,1,1,0.9629,0.9465,0.164
test_0302_274,1,1,1,0.9496,0.9333,0.163
test_0364_612,2,2,2,0.9730,0.9568,0.162
test_0019_10,4,4,4,0.9773,0.9611,0.161
test_0202_104,4,4,4,0.9705,0.9545,0.160
test_0006_272,1,1,1,0.9647,0.9489,0.158
test_0224_152,1,1,1,0.9647,0.9489,0.158
test_0111_367,1,1,1,0.9318,0.9161,0.157
test_0186_367,1,1,1,0.9318,0.9161,0.157
test_0354_357,1,1,1,0.9566,0.9411,0.155
test_0110_caries_0_3633,3,3,3,0.9590,0.9440,0.150
test_0161_caries_0_3537,1,1,1,0.6154,0.6004,0.150
test_0392_(199),5,4,4,0.5976,0.5829,0.147
test_0220_486,1,1,1,0.9717,0.9570,0.147
test_0072_102,2,3,3,0.5427,0.5283,0.144
test_0325_caries_0_4378,2,2,2,0.9461,0.9320,0.141
test_0239_97,1,1,1,0.9589,0.9449,0.140
test_0130_549,1,1,1,0.9815,0.9676,0.139
test_0234_181,5,5,5,0.9261,0.9122,0.138
test_0250_443,1,1,1,0.9727,0.9594,0.134
test_0338_caries_0_5211,1,1,1,0.9817,0.9684,0.134
test_0126_caries_0_209,3,4,4,0.7157,0.7024,0.133
test_0365_caries_0_521,2,2,2,0.9543,0.9410,0.133
test_0052_caries_0_5142,2,2,2,0.9303,0.9172,0.130
test_0290_caries_0_4917,3,3,3,0.9642,0.9515,0.127
test_0366_caries_0_4365,4,6,6,0.4734,0.4609,0.126
test_0190_204,1,1,1,0.9578,0.9452,0.126
test_0119_caries_0_4684,1,1,1,0.9143,0.9017,0.126
test_0023_143,1,1,1,0.9715,0.9591,0.124
test_0346_184,1,1,1,0.9585,0.9461,0.124
test_0047_628,1,1,1,0.9752,0.9628,0.124
test_0054_(85),3,3,3,0.8608,0.8485,0.124
test_0281_524,1,1,1,0.9470,0.9350,0.120
test_0133_63,3,3,3,0.9568,0.9452,0.116
test_0044_256,2,2,2,0.6422,0.6308,0.114
test_0225_256,2,2,2,0.6422,0.6308,0.114
test_0112_267,1,1,1,0.9414,0.9302,0.113
test_0208_554,1,1,1,0.7305,0.7192,0.112
test_0088_caries_0_3486,1,1,1,0.9546,0.9435,0.111
test_0327_210,1,1,1,0.6543,0.6437,0.106
test_0138_193,1,1,1,0.9858,0.9759,0.099
test_0284_572,2,2,2,0.9689,0.9591,0.098
test_0038_caries_0_3654,1,1,1,0.9827,0.9731,0.096
test_0118_(68),4,4,4,0.8850,0.8756,0.094
test_0261_(8),3,4,4,0.5361,0.5268,0.093
test_0389_caries_0_3593,1,1,1,0.9327,0.9235,0.092
test_0058_caries_0_4415,4,6,6,0.3666,0.3580,0.086
test_0213_155,4,4,4,0.9544,0.9462,0.082
test_0197_132,1,1,1,0.9812,0.9732,0.080
test_0358_372,1,1,1,0.9812,0.9732,0.080
test_0362_caries_0_31,3,3,3,0.9641,0.9561,0.079
test_0373_caries_0_3414,2,2,2,0.9424,0.9346,0.078
test_0233_734,1,1,1,0.9921,0.9850,0.071
test_0267_127,1,1,1,0.9422,0.9352,0.070
test_0320_586,1,1,1,0.9727,0.9657,0.070
test_0330_381,1,1,1,0.9587,0.9520,0.067
test_0270_509,1,1,1,0.9872,0.9805,0.067
test_0351_160,5,5,5,0.9035,0.8968,0.066
test_0028_caries_0_4405,3,3,3,0.9536,0.9473,0.063
test_0081_489,5,5,5,0.9584,0.9525,0.059
test_0106_(183),8,9,9,0.5917,0.5860,0.056
test_0388_caries_0_327,1,1,1,0.9740,0.9690,0.050
test_0012_529,1,1,1,0.9679,0.9632,0.048
test_0166_517,1,1,1,0.9191,0.9144,0.047
test_0310_caries_0_4333,6,6,6,0.9064,0.9019,0.045
test_0075_270,1,1,1,0.9661,0.9618,0.043
test_0124_150,1,1,1,0.9661,0.9618,0.043
test_0129_630,1,1,1,0.9661,0.9618,0.043
test_0276_caries_0_4248,2,2,2,0.9591,0.9552,0.038
test_0188_275,5,5,5,0.9139,0.9102,0.037
test_0104_69,3,3,3,0.9550,0.9513,0.037
test_0101_97,1,1,1,0.9758,0.9722,0.036
test_0194_caries_0_4254,2,2,2,0.9346,0.9313,0.033
test_0263_354,1,1,1,0.9798,0.9767,0.031
test_0329_834,1,1,1,0.9798,0.9767,0.031
test_0368_79,2,2,2,0.9679,0.9650,0.029
test_0167_180,1,1,1,0.9753,0.9729,0.024
test_0205_582,2,2,2,0.9784,0.9761,0.023
test_0189_504,1,1,1,0.9893,0.9875,0.017
test_0235_caries_0_3322,1,1,1,0.9579,0.9570,0.009
test_0294_caries_0_4692,2,2,2,0.9464,0.9456,0.008
test_0032_563,3,3,3,0.9700,0.9695,0.005
test_0321_683,3,3,3,0.9700,0.9695,0.005
